{"UNK": 0, "的": 1, "套餐": 2, "流量": 3, "？": 4, "我": 5, "吗": 6, "有": 7, "，": 8, "可以": 9, "通话": 10, "怎么": 11, "是": 12, "用": 13, "这个": 14, "什么": 15, "了": 16, "多少": 17, "哪些": 18, "副卡": 19, "想": 20, "分钟": 21, "元": 22, "能": 23, "开通": 24, "时间": 25, "有没有": 26, "办理": 27, "多": 28, "月": 29, "包": 30, "都": 31, "呢": 32, "使用": 33, "和": 34, "一个": 35, "完": 36, "一下": 37, "业务": 38, "给": 39, "需要": 40, "短信": 41, "价格": 42, "1200": 43, "不": 44, "时长": 45, "如何": 46, "还": 47, "100": 48, "在": 49, "现在": 50, "收费": 51, "主卡": 52, "还有": 53, "话费": 54, "包含": 55, "想要": 56, "取消": 57, "推荐": 58, "要": 59, "。": 60, "左右": 61, "怎样": 62, "我要": 63, "去": 64, "到": 65, "分享": 66, "超出": 67, "下个月": 68, "优惠": 69, "帮": 70, "个": 71, "打电话": 72, "小时": 73, "吧": 74, "少": 75, "免费": 76, "主叫": 77, "没用": 78, "语音": 79, "20": 80, "共享": 81, "每月": 82, "比较": 83, "G": 84, "其他": 85, "请问": 86, "?": 87, "多少钱": 88, "下": 89, "WLAN": 90, "更": 91, "1G": 92, "每个": 93, "查询": 94, "一点": 95, "用不完": 96, "别人": 97, "这": 98, "号码": 99, "便宜": 100, "中等": 101, "大概": 102, "啊": 103, "以上": 104, "一个月": 105, "结转": 106, "成员": 107, "把": 108, "限制": 109, "彩信": 110, "适合": 111, "同时": 112, "年": 113, "美国": 114, "内": 115, "你": 116, "活动": 117, "生效": 118, "转赠": 119, "停机": 120, "季包": 121, "充": 122, "也": 123, "打": 124, "介绍": 125, "后": 126, "具体": 127, "费用": 128, "赠送": 129, "30": 130, "互斥": 131, "剩余": 132, "电话": 133, "国内": 134, "不要": 135, "换": 136, "以内": 137, "功能": 138, "哪个": 139, "包括": 140, "俄罗斯": 141, "澳门": 142, "时候": 143, "是不是": 144, "没有": 145, "里": 146, "一起": 147, "怎么办": 148, "该": 149, "一百元": 150, "操作": 151, "能不能": 152, "合适": 153, "那": 154, "超过": 155, "退出": 156, "办": 157, "恢复": 158, "一些": 159, "删除": 160, "手机": 161, "如果": 162, "就": 163, "内容": 164, "1GB": 165, "查一下": 166, "情况": 167, "订购": 168, "资源": 169, "才能": 170, "剩": 171, "账单": 172, "几个": 173, "添加": 174, "是否": 175, "会": 176, "看": 177, "充值": 178, "知道": 179, "多久": 180, "上个月": 181, "价位": 182, "差不多": 183, "继续": 184, "么": 185, "很多": 186, "叠加": 187, "转品牌": 188, "卡": 189, "方式": 190, "别的": 191, "以下": 192, "半年": 193, "更换": 194, "贵": 195, "很少": 196, "88": 197, "计费": 198, "幸福": 199, "请": 200, "最": 201, "再": 202, "比": 203, "高": 204, "300": 205, "国家": 206, "怎么样": 207, "为": 208, "转户": 209, "60": 210, "还是": 211, "1": 212, "360": 213, "号": 214, "了解": 215, "最近": 216, "180": 217, "上": 218, "中": 219, "人": 220, "两个": 221, "算": 222, "资费": 223, "呀": 224, "不够": 225, "钱": 226, "多一点": 227, "可不可以": 228, "换个": 229, "找": 230, "手机卡": 231, "里面": 232, " ": 233, "余额": 234, "一般": 235, "不是": 236, "我能": 237, "大约": 238, "买": 239, "一两百元": 240, "消费": 241, "当月": 242, "哪里": 243, "实惠": 244, "全国": 245, "之后": 246, "接听": 247, "条件": 248, "数": 249, "我用": 250, "准备": 251, "太": 252, "好": 253, "一到": 254, "谁": 255, "没": 256, "兆": 257, "太多": 258, "我想": 259, "接电话": 260, "申请": 261, "家人": 262, "本月": 263, "品牌": 264, "朋友": 265, "的话": 266, "其它": 267, "选择": 268, "少点": 269, "不能": 270, "说": 271, "适中": 272, "不用": 273, "多个": 274, "变更": 275, "查看": 276, "多一些": 277, "长": 278, "转": 279, "划算": 280, "含": 281, "已经": 282, "4G": 283, "！": 284, "这么": 285, "它": 286, "两": 287, "算钱": 288, "规则": 289, "告诉": 290, "多长时间": 291, "跟": 292, "交": 293, "做": 294, "点": 295, "不多": 296, "块": 297, "档位": 298, "10G": 299, "要求": 300, "上限": 301, "与": 302, "应该": 303, "多点": 304, "基本": 305, "条": 306, "低": 307, "滚存": 308, "什么样": 309, "详情": 310, "详细": 311, "你们": 312, "能否": 313, "10": 314, "外": 315, "部分": 316, "接着": 317, "几种": 318, "地方": 319, "你好": 320, "标准": 321, "加": 322, "费": 323, "客户": 324, "十个": 325, "元档": 326, "两档": 327, "麻烦": 328, "一样": 329, "看看": 330, "太少": 331, "那么": 332, "一百块": 333, "选": 334, "不会": 335, "不怎么": 336, "约": 337, "来": 338, "其他人": 339, "关闭": 340, "查下": 341, "问": 342, "哪种": 343, "才": 344, "一": 345, "发短信": 346, "短": 347, "对": 348, "开": 349, "一分钟": 350, "收取": 351, "自动": 352, "送给": 353, "列表": 354, "手机号": 355, "信息": 356, "咨询": 357, "增加": 358, "哪": 359, "区别": 360, "掉": 361, "200": 362, "所有": 363, "能够": 364, "可": 365, "不同": 366, "特别": 367, "计算": 368, "多次": 369, "旅游": 370, "订": 371, "啥": 372, "档次": 373, "更改": 374, "这种": 375, "不少": 376, "块钱": 377, "通过": 378, "超": 379, "送": 380, "2G": 381, "方法": 382, "冲突": 383, "处理": 384, "转赠给": 385, "地铁": 386, "密码": 387, "激活": 388, "天": 389, "分别": 390, "怎么弄": 391, "移动": 392, "目前": 393, "升级": 394, "一档": 395, "高点": 396, "更少": 397, "wifi": 398, "又": 399, "不想": 400, "或者": 401, "之间": 402, "一百": 403, "范围": 404, "您好": 405, "以后": 406, "220": 407, "限速": 408, "他人": 409, "转给": 410, "组内": 411, "主动": 412, "购买": 413, "属于": 414, "剩下": 415, "开始": 416, "平时": 417, "但": 418, "需求": 419, "数量": 420, "最高": 421, "换成": 422, "月租": 423, "很": 424, "有些": 425, "哪几种": 426, "经常": 427, "够用": 428, "分": 429, "-": 430, "设置": 431, "用到": 432, "、": 433, "说明": 434, "之前": 435, "清零": 436, "正在": 437, "到期": 438, "北京": 439, "自己": 440, "共用": 441, "打算": 442, "大": 443, "除了": 444, "较": 445, "改成": 446, "太贵": 447, "适用": 448, "来个": 449, "那种": 450, "数据": 451, "微信": 452, "视频": 453, "得": 454, "它们": 455, "哪几个": 456, "开个": 457, "服务": 458, "省内": 459, "要是": 460, "有效期": 461, "只能": 462, "会员": 463, "星期": 464, "几张": 465, "查查": 466, "最低": 467, "明细": 468, "用量": 469, "归属地": 470, "三个": 471, "进行": 472, "欠费": 473, "主要": 474, "最多": 475, "上网": 476, "这些": 477, "花钱": 478, "一共": 479, "这样": 480, "看到": 481, "嘛": 482, "将": 483, "重新": 484, "几点": 485, "最多能": 486, "绑定": 487, "立即": 488, "马上": 489, "一张": 490, "那个": 491, "处于": 492, "近": 493, "全部": 494, "充点": 495, "查": 496, ",": 497, "不限量": 498, "一款": 499, "供选择": 500, "更贵": 501, "包是": 502, "价钱": 503, "包有": 504, "低点": 505, "畅游包": 506, "另外": 507, "太高": 508, "用户": 509, "样子": 510, "就是": 511, "几乎": 512, "只": 513, "能办": 514, "一千多": 515, "无限": 516, "办个": 517, "大于": 518, "至少": 519, "三百多": 520, "新": 521, "买个": 522, "一两个": 523, "2GB": 524, "扣费": 525, "按": 526, "东西": 527, "完后": 528, "转结": 529, "未用": 530, "能用": 531, "接听电话": 532, "搞": 533, "几次": 534, "重置": 535, "我家": 536, "包能": 537, "名字": 538, "家庭成员": 539, "漫游": 540, "些": 541, "量": 542, "过渡期": 543, "当前": 544, "状态": 545, "步骤": 546, "网上": 547, "咋": 548, "加油": 549, "何时": 550, "想开": 551, "对于": 552, "多些": 553, "升级版": 554, "30MB": 555, "条数": 556, "降低": 557, "一种": 558, "更好": 559, "固定": 560, "另": 561, "就行": 562, "行": 563, "太低": 564, "符合": 565, "多分钟": 566, "找个": 567, "时间段": 568, "所以": 569, "每天": 570, "有时": 571, "千兆": 572, "二百元": 573, "高于": 574, "全球通": 575, "夜间": 576, "于": 577, "费是": 578, "多长": 579, "中国": 580, "具体内容": 581, "700MB": 582, "收": 583, "用超": 584, "700M": 585, "累计": 586, "转到": 587, "累积": 588, "要钱": 589, "我该": 590, "流程": 591, "影响": 592, "销号": 593, "再次": 594, "特价": 595, "动感地带": 596, "原来": 597, "后能": 598, "不能取消": 599, "飞享": 600, "电话卡": 601, "今天": 602, "主": 603, "做主": 604, "作为": 605, "加错": 606, "漫游费": 607, "欧洲": 608, "我订": 609, "本": 610, "机号码": 611, "过": 612, "啥时候": 613, "已": 614, "余量": 615, "成功": 616, "正常": 617, "历史": 618, "一条": 619, "缴费": 620, "只要": 621, "从": 622, "谢谢": 623, "带": 624, "18": 625, "高级": 626, "贵点": 627, "浪费": 628, "类型": 629, "真": 630, "不太": 631, "喜欢": 632, "不好": 633, "不贵": 634, "接受": 635, "最好": 636, "一百多": 637, "上下": 638, "档": 639, "可能": 640, "久": 641, "很长": 642, "电影": 643, "挺": 644, "WiFi": 645, "只有": 646, "想定": 647, "提供": 648, "达到": 649, "g": 650, "包月": 651, "只是": 652, "GB": 653, "再加": 654, "叫": 655, "每分钟": 656, "通用": 657, "以外": 658, "允许": 659, "次": 660, "有效": 661, "完能": 662, "月底": 663, "问下": 664, "共同": 665, "让": 666, "手续": 667, "享受": 668, "注销": 669, "两种": 670, "注册": 671, "登录": 672, "封顶": 673, "包会": 674, "客服": 675, "续订": 676, "随时": 677, "打开": 678, "卡号": 679, "张": 680, "卡有": 681, "人数": 682, "家庭": 683, "指定": 684, "包不": 685, "女儿": 686, "那边": 687, "前往": 688, "目的地": 689, "礼拜": 690, "账号": 691, "项目": 692, "处在": 693, "结束": 694, "个人": 695, "关于": 696, "几个月": 697, "种类": 698, "开启": 699, "以及": 700, "100M": 701, "一天": 702, "很大": 703, "含有": 704, "相对": 705, "稍微": 706, "多钱": 707, "基本上": 708, "根本": 709, "少些": 710, "性价比": 711, "不到": 712, "最少": 713, "有少": 714, "我定": 715, "直接": 716, "省钱": 717, "时常": 718, "经济": 719, "点儿": 720, "三元": 721, "不高": 722, "满足": 723, "方面": 724, "问题": 725, "两百": 726, "长时间": 727, "较长": 728, "本地": 729, "一般般": 730, "不算": 731, "特殊": 732, "网络": 733, "次数": 734, "发": 735, "拨打": 736, "一千二百": 737, "根据": 738, "下来": 739, "长途": 740, "肯定": 741, "平常": 742, "好像": 743, "1000": 744, "推出": 745, "弄": 746, "只用": 747, "订个": 748, "一两百": 749, "一至": 750, "128": 751, "或": 752, "之内": 753, "三百多元": 754, "10g": 755, "三百块": 756, "我加": 757, "还要": 758, "任何": 759, "内有": 760, "哦": 761, "额外": 762, "以": 763, "累积到": 764, "作废": 765, "多余": 766, "失效": 767, "完会": 768, "转存": 769, "必须": 770, "省外": 771, "外地": 772, "使": 773, "分给": 774, "出来": 775, "送人": 776, "款": 777, "营业厅": 778, "wlan": 779, "中能": 780, "地点": 781, "无限量": 782, "晚上": 783, "乐视": 784, "限": 785, "此": 786, "神州行": 787, "下次": 788, "重复": 789, "成": 790, "改": 791, "发送": 792, "修改": 793, "丢": 794, "选号": 795, "工作": 796, "38": 797, "人用": 798, "一块": 799, "地区": 800, "相互": 801, "在内": 802, "这张": 803, "加入": 804, "错": 805, "退": 806, "出国": 807, "计划": 808, "一周": 809, "玩": 810, "15": 811, "半个": 812, "差别": 813, "指": 814, "几分钟": 815, "免费打": 816, "免费发": 817, "包里": 818, "已购": 819, "那些": 820, "号订": 821, "订过": 822, "所": 823, "本机": 824, "查找": 825, "省": 826, "完成": 827, "嗯": 828, "给我发": 829, "话费单": 830, "近几个月": 831, "消费额": 832, "清单": 833, "我充": 834, "要交": 835, "交点": 836, "交费": 837, "通电话": 838, "教": 839, "办法": 840, "实时": 841, "账户": 842, "帐户": 843, "几": 844, "M": 845, "可用": 846, "未": 847, "一查": 848, "时": 849, "并且": 850, "好点": 851, "豪华": 852, "有点": 853, "MB": 854, "包贵": 855, "呆": 856, "在家": 857, "数少": 858, "来说": 859, "向": 860, "啦": 861, "想换": 862, "低价位": 863, "一点点": 864, "下面": 865, "几档": 866, "一点儿": 867, "小": 868, "不划算": 869, "可否": 870, "长点": 871, "合算": 872, "能换": 873, "个别": 874, "大众": 875, "大家": 876, "需求量": 877, "没关系": 878, "挺长": 879, "够": 880, "蛮": 881, "太长": 882, "太短": 883, "不长": 884, "刚好": 885, "无": 886, "大多": 887, "没什么": 888, "极少": 889, "等": 890, "聊天": 891, "估计": 892, "着": 893, "1100": 894, "72000": 895, "秒": 896, "将近": 897, "男朋友": 898, "几款": 899, "500": 900, "因为": 901, "玩游戏": 902, "一定": 903, "非常": 904, "家里": 905, "刚刚": 906, "月初": 907, "Wifi": 908, "用过": 909, "少于": 910, "哪款": 911, "更大": 912, "先": 913, "您": 914, "实用": 915, "最贵": 916, "昂贵": 917, "换掉": 918, "联系": 919, "选个": 920, "想办": 921, "最短": 922, "以前": 923, "两百元": 924, "多不多": 925, "~": 926, "两百块": 927, "至": 928, "低于": 929, "下个": 930, "告知": 931, "共": 932, "达": 933, "问问": 934, "二十多个": 935, "平均": 936, "三百元": 937, "而且": 938, "三百": 939, "月费": 940, "然后": 941, "出差": 942, "一两": 943, "两天": 944, "包都": 945, "再来一个": 946, "基础": 947, "加个": 948, "几年": 949, "协议": 950, "出省": 951, "里边": 952, "网速": 953, "讲讲": 954, "仔细": 955, "各自": 956, "扣除": 957, "月末": 958, "元含": 959, "后主": 960, "区域": 961, "小心": 962, "欸": 963, "结算": 964, "通时": 965, "留到": 966, "完下": 967, "咋办": 968, "延续": 969, "续存": 970, "结余": 971, "不管": 972, "是否是": 973, "不扣": 974, "意思": 975, "起来": 976, "转送": 977, "到底": 978, "出去": 979, "若": 980, "实现": 981, "人流量": 982, "一次性": 983, "中要": 984, "正": 985, "这项": 986, "优惠政策": 987, "最新": 988, "白天": 989, "速度": 990, "出": 991, "截止": 992, "有效期限": 993, "过期": 994, "期限": 995, "用法": 996, "限量": 997, "咋样": 998, "矛盾": 999, "多少次": 1000, "一次": 1001, "能订": 1002, "人为": 1003, "但是": 1004, "改下": 1005, "338": 1006, "新出": 1007, "解除": 1008, "撤消": 1009, "是从": 1010, "立马": 1011, "何时能": 1012, "规定": 1013, "变": 1014, "改个": 1015, "终端": 1016, "这方面": 1017, "接入": 1018, "学生": 1019, "WALN": 1020, "办张": 1021, "程序": 1022, "随意": 1023, "针对": 1024, "行不行": 1025, "今天天气": 1026, "下班": 1027, "吃饭": 1028, "猜猜": 1029, "男生": 1030, "女生": 1031, "干嘛": 1032, "女": 1033, "人员": 1034, "全家": 1035, "他们": 1036, "斥": 1037, "产生": 1038, "副": 1039, "卡里": 1040, "变动": 1041, "卡行": 1042, "具备": 1043, "资格": 1044, "儿子": 1045, "爸爸": 1046, "卡加": 1047, "退掉": 1048, "哪位": 1049, "哪张": 1050, "飞往": 1051, "方向": 1052, "世界杯": 1053, "去往": 1054, "风景": 1055, "想到": 1056, "一段时间": 1057, "国际漫游": 1058, "一趟": 1059, "几天": 1060, "三十天": 1061, "半月": 1062, "俩": 1063, "不同之处": 1064, "适用范围": 1065, "多国": 1066, "三天": 1067, "额外收费": 1068, "接收": 1069, "收钱": 1070, "月租费": 1071, "付费": 1072, "日期": 1073, "各项": 1074, "快用": 1075, "数字": 1076, "读": 1077, "发给": 1078, "江西": 1079, "住": 1080, "四川": 1081, "天津": 1082, "归属于": 1083, "牌子": 1084, "状况": 1085, "过渡阶段": 1086, "详单": 1087, "电子": 1088, "快捷": 1089, "近半年": 1090, "问候": 1091, "我发": 1092, "开机": 1093, "想交": 1094, "支付宝": 1095, "手机费": 1096, "冲": 1097, ".": 1098, "要充": 1099, "查话费": 1100, "定购": 1101, "我于": 1102, "启开": 1103, "缴": 1104, "需不需要": 1105, "大点": 1106, "500M": 1107, "使用量": 1108, "不说": 1109, "充足": 1110, "老": 1111, "长长": 1112, "带有": 1113, "可发": 1114, "那有": 1115, "版本": 1116, "更高": 1117, "这点儿": 1118, "100MB": 1119, "各": 1120, "过来": 1121, "再贵": 1122, "二档": 1123, "包为": 1124, "包比": 1125, "高一": 1126, "稍贵": 1127, "一级": 1128, "加多少": 1129, "5": 1130, "高价位": 1131, "免得": 1132, "觉得": 1133, "占多数": 1134, "过多用": 1135, "2000": 1136, "总": 1137, "下降": 1138, "减少": 1139, "暂时": 1140, "有太多": 1141, "降到": 1142, "不发": 1143, "条能": 1144, "低档": 1145, "位": 1146, "过多": 1147, "最低标准": 1148, "我付": 1149, "不起": 1150, "268": 1151, "降成": 1152, "比如": 1153, "智能机": 1154, "20GB": 1155, "更少点": 1156, "/": 1157, "更佳": 1158, "商务": 1159, "出行": 1160, "包吧": 1161, "300M": 1162, "样式": 1163, "五元": 1164, "再换": 1165, "不行": 1166, "找找看": 1167, "低些": 1168, "钱少": 1169, "即可": 1170, "不高不低": 1171, "水平": 1172, "普遍": 1173, "居中": 1174, "就行了": 1175, "中间": 1176, "不太高": 1177, "普通": 1178, "没好": 1179, "货": 1180, "一分": 1181, "一分货": 1182, "贵些": 1183, "正好": 1184, "金额": 1185, "推": 1186, "最高级别": 1187, "没事": 1188, "货好": 1189, "越贵": 1190, "越": 1191, "稍": 1192, "100.0": 1193, "90": 1194, "多块": 1195, "'": 1196, "99": 1197, "八九十": 1198, "接近": 1199, "都行": 1200, "一百多块": 1201, "记录": 1202, "分为": 1203, "我选": 1204, "并": 1205, "聊得": 1206, "好长时间": 1207, "希望": 1208, "太久": 1209, "没打": 1210, "中等水平": 1211, "应当": 1212, "合理": 1213, "平均水平": 1214, "事情": 1215, "QQ": 1216, "交流": 1217, "非常少": 1218, "大部分": 1219, "打得少": 1220, "二十个": 1221, "钟头": 1222, "1300": 1223, "较多时": 1224, "总有": 1225, "联系业务": 1226, "更长": 1227, "800": 1228, "各个": 1229, "种": 1230, "对外": 1231, "淘宝": 1232, "天猫": 1233, "京东": 1234, "各种": 1235, "挺费": 1236, "追剧用": 1237, "厉害": 1238, "刷": 1239, "小视频": 1240, "不然": 1241, "爱": 1242, "追剧": 1243, "超多": 1244, "少不了": 1245, "常常": 1246, "总是": 1247, "天天": 1248, "打游戏": 1249, "还好": 1250, "不大": 1251, "还行": 1252, "干": 1253, "算是": 1254, "大多数": 1255, "老是": 1256, "挺少": 1257, "公司": 1258, "出门": 1259, "应用": 1260, "无线": 1261, "用不着": 1262, "附近": 1263, "1024": 1264, "二个": 1265, "512": 1266, "1024mb": 1267, "1g": 1268, "1000M": 1269, "就够": 1270, "一个多": 1271, "千": 1272, "多兆": 1273, "可选": 1274, "可供参考": 1275, "每种": 1276, "求": 1277, "近期": 1278, "折中": 1279, "大众化": 1280, "优等": 1281, "高端": 1282, "内容丰富": 1283, "价格昂贵": 1284, "我常": 1285, "一打": 1286, "通话费": 1287, "老人": 1288, "不长不短": 1289, "要个": 1290, "老人家": 1291, "原因": 1292, "想改": 1293, "不限": 1294, "我選": 1295, "哪個": 1296, "選擇": 1297, "值": 1298, "有限": 1299, "用得少": 1300, "少量": 1301, "节约": 1302, "超标": 1303, "元内": 1304, "一份": 1305, "左右包": 1306, "80": 1307, "明显": 1308, "各能充": 1309, "元至": 1310, "元间": 1311, "哪儿": 1312, "二百": 1313, "110": 1314, "想来": 1315, "数在": 1316, "呗": 1317, "40": 1318, "通话量": 1319, "有能": 1320, "这里": 1321, "大慨": 1322, "：": 1323, "多元": 1324, "流": 1325, "想订": 1326, "起码": 1327, "多达": 1328, "四百": 1329, "四百元": 1330, "三百左右": 1331, "包给": 1332, "～": 1333, "充下": 1334, "二": 1335, "刷刷": 1336, "获得": 1337, "大小": 1338, "一部": 1339, "获取": 1340, "哪样": 1341, "包及": 1342, "加多": 1343, "急救包": 1344, "包帮": 1345, "想加": 1346, "我想加": 1347, "先帮": 1348, "加餐": 1349, "加购": 1350, "Ｇ": 1351, "多加": 1352, "补充": 1353, "产品": 1354, "其他费用": 1355, "价": 1356, "月付": 1357, "费要": 1358, "得交": 1359, "花费": 1360, "付": 1361, "数是": 1362, "能聊": 1363, "数有": 1364, "几条": 1365, "期是": 1366, "4GB": 1367, "3g": 1368, "听听": 1369, "说一说": 1370, "多么": 1371, "说说看": 1372, "讲": 1373, "哪些项目": 1374, "法": 1375, "单独": 1376, "细则": 1377, "划费": 1378, "元里": 1379, "元有": 1380, "列举": 1381, "哪些方面": 1382, "数用": 1383, "后续": 1384, "应": 1385, "发生": 1386, "语言": 1387, "后要": 1388, "提醒": 1389, "kb": 1390, "贵不贵": 1391, "万一": 1392, "限额": 1393, "感觉": 1394, "包把": 1395, "补上": 1396, "700": 1397, "这是": 1398, "再开": 1399, "加收": 1400, "全算": 1401, "额度": 1402, "打超": 1403, "一兆": 1404, "高额": 1405, "算费": 1406, "1000MB": 1407, "很贵": 1408, "转移": 1409, "像": 1410, "顺延": 1411, "转下": 1412, "余下": 1413, "解决": 1414, "群组": 1415, "保底": 1416, "用光": 1417, "最长": 1418, "能存": 1419, "只算": 1420, "加赠": 1421, "累加": 1422, "消掉": 1423, "至下": 1424, "无限期": 1425, "转至": 1426, "完结": 1427, "结存": 1428, "能加": 1429, "存到": 1430, "归加": 1431, "一直": 1432, "前": 1433, "对前": 1434, "再用": 1435, "免": 1436, "来电": 1437, "各地": 1438, "浙江": 1439, "真的": 1440, "任意": 1441, "放": 1442, "转入": 1443, "如": 1444, "续到": 1445, "留": 1446, "仅限": 1447, "能转": 1448, "存": 1449, "440": 1450, "一项": 1451, "延期": 1452, "转接": 1453, "用来": 1454, "开放": 1455, "随身": 1456, "热点": 1457, "能多人": 1458, "其他用户": 1459, "本人": 1460, "好多": 1461, "链接": 1462, "操作方法": 1463, "转让": 1464, "他": 1465, "麻": 1466, "好友": 1467, "过程": 1468, "期间": 1469, "停": 1470, "受": 1471, "有用吗": 1472, "启用": 1473, "节假日": 1474, "段时间": 1475, "第一个": 1476, "减免": 1477, "特惠": 1478, "促销": 1479, "优惠价": 1480, "近来": 1481, "打折": 1482, "力度": 1483, "今日": 1484, "这阵子": 1485, "包出": 1486, "其中": 1487, "地铁站": 1488, "为止": 1489, "几时": 1490, "几小时": 1491, "实际": 1492, "看乐视": 1493, "下载": 1494, "APP": 1495, "用户名": 1496, "登录名": 1497, "领取": 1498, "任": 1499}